BEGIN TRANSACTION;
CREATE TABLE order_items (
    order_item_id INTEGER PRIMARY KEY,
    order_id INTEGER,
    product_id INTEGER,
    quantity INTEGER,
    FOREIGN KEY(order_id) REFERENCES orders(order_id),
    FOREIGN KEY(product_id) REFERENCES products(product_id)
);
INSERT INTO "order_items" VALUES(1,1,13,3);
INSERT INTO "order_items" VALUES(2,1,8,3);
INSERT INTO "order_items" VALUES(3,2,10,3);
INSERT INTO "order_items" VALUES(4,2,12,2);
INSERT INTO "order_items" VALUES(5,2,9,1);
INSERT INTO "order_items" VALUES(6,2,7,3);
INSERT INTO "order_items" VALUES(7,3,13,2);
INSERT INTO "order_items" VALUES(8,3,4,3);
INSERT INTO "order_items" VALUES(9,3,11,2);
INSERT INTO "order_items" VALUES(10,4,4,2);
INSERT INTO "order_items" VALUES(11,4,5,3);
INSERT INTO "order_items" VALUES(12,4,6,1);
INSERT INTO "order_items" VALUES(13,5,7,2);
INSERT INTO "order_items" VALUES(14,6,7,2);
INSERT INTO "order_items" VALUES(15,6,1,3);
INSERT INTO "order_items" VALUES(16,6,4,3);
INSERT INTO "order_items" VALUES(17,6,13,1);
INSERT INTO "order_items" VALUES(18,7,1,2);
INSERT INTO "order_items" VALUES(19,7,6,3);
INSERT INTO "order_items" VALUES(20,7,5,3);
INSERT INTO "order_items" VALUES(21,7,7,3);
INSERT INTO "order_items" VALUES(22,8,8,2);
INSERT INTO "order_items" VALUES(23,8,4,2);
INSERT INTO "order_items" VALUES(24,9,6,3);
INSERT INTO "order_items" VALUES(25,9,11,1);
INSERT INTO "order_items" VALUES(26,9,12,2);
INSERT INTO "order_items" VALUES(27,9,7,1);
INSERT INTO "order_items" VALUES(28,10,2,3);
INSERT INTO "order_items" VALUES(29,11,3,2);
INSERT INTO "order_items" VALUES(30,11,1,1);
INSERT INTO "order_items" VALUES(31,11,5,2);
INSERT INTO "order_items" VALUES(32,11,7,2);
INSERT INTO "order_items" VALUES(33,12,5,3);
INSERT INTO "order_items" VALUES(34,12,2,3);
INSERT INTO "order_items" VALUES(35,12,8,1);
INSERT INTO "order_items" VALUES(36,12,1,2);
INSERT INTO "order_items" VALUES(37,13,4,1);
INSERT INTO "order_items" VALUES(38,14,3,3);
INSERT INTO "order_items" VALUES(39,14,8,1);
INSERT INTO "order_items" VALUES(40,15,3,3);
INSERT INTO "order_items" VALUES(41,15,10,3);
INSERT INTO "order_items" VALUES(42,15,12,1);
INSERT INTO "order_items" VALUES(43,16,10,1);
INSERT INTO "order_items" VALUES(44,17,7,3);
INSERT INTO "order_items" VALUES(45,17,12,3);
INSERT INTO "order_items" VALUES(46,17,4,3);
INSERT INTO "order_items" VALUES(47,17,2,1);
INSERT INTO "order_items" VALUES(48,18,13,3);
INSERT INTO "order_items" VALUES(49,19,11,3);
INSERT INTO "order_items" VALUES(50,19,6,2);
INSERT INTO "order_items" VALUES(51,19,2,1);
INSERT INTO "order_items" VALUES(52,19,9,2);
INSERT INTO "order_items" VALUES(53,20,11,2);
INSERT INTO "order_items" VALUES(54,20,8,1);
INSERT INTO "order_items" VALUES(55,20,3,3);
INSERT INTO "order_items" VALUES(56,21,8,2);
INSERT INTO "order_items" VALUES(57,21,7,1);
INSERT INTO "order_items" VALUES(58,21,10,1);
INSERT INTO "order_items" VALUES(59,21,5,2);
INSERT INTO "order_items" VALUES(60,22,6,1);
INSERT INTO "order_items" VALUES(61,22,1,2);
INSERT INTO "order_items" VALUES(62,22,8,1);
INSERT INTO "order_items" VALUES(63,22,13,2);
INSERT INTO "order_items" VALUES(64,23,9,1);
INSERT INTO "order_items" VALUES(65,24,12,3);
INSERT INTO "order_items" VALUES(66,24,8,3);
INSERT INTO "order_items" VALUES(67,25,2,2);
INSERT INTO "order_items" VALUES(68,26,5,3);
INSERT INTO "order_items" VALUES(69,26,11,2);
INSERT INTO "order_items" VALUES(70,27,12,3);
INSERT INTO "order_items" VALUES(71,27,9,2);
INSERT INTO "order_items" VALUES(72,27,6,2);
INSERT INTO "order_items" VALUES(73,27,11,2);
INSERT INTO "order_items" VALUES(74,28,12,1);
INSERT INTO "order_items" VALUES(75,29,12,3);
INSERT INTO "order_items" VALUES(76,29,10,2);
INSERT INTO "order_items" VALUES(77,29,9,1);
INSERT INTO "order_items" VALUES(78,30,3,3);
INSERT INTO "order_items" VALUES(79,30,5,3);
INSERT INTO "order_items" VALUES(80,30,1,1);
INSERT INTO "order_items" VALUES(81,31,9,2);
INSERT INTO "order_items" VALUES(82,32,2,2);
INSERT INTO "order_items" VALUES(83,32,1,2);
INSERT INTO "order_items" VALUES(84,32,10,2);
INSERT INTO "order_items" VALUES(85,32,5,2);
INSERT INTO "order_items" VALUES(86,33,8,2);
INSERT INTO "order_items" VALUES(87,33,2,2);
INSERT INTO "order_items" VALUES(88,33,12,1);
INSERT INTO "order_items" VALUES(89,34,3,2);
INSERT INTO "order_items" VALUES(90,34,10,1);
INSERT INTO "order_items" VALUES(91,35,10,3);
INSERT INTO "order_items" VALUES(92,35,13,2);
INSERT INTO "order_items" VALUES(93,35,12,2);
INSERT INTO "order_items" VALUES(94,35,4,2);
INSERT INTO "order_items" VALUES(95,36,10,3);
INSERT INTO "order_items" VALUES(96,36,13,3);
INSERT INTO "order_items" VALUES(97,36,1,1);
INSERT INTO "order_items" VALUES(98,37,4,3);
INSERT INTO "order_items" VALUES(99,37,3,1);
INSERT INTO "order_items" VALUES(100,38,8,2);
INSERT INTO "order_items" VALUES(101,38,12,1);
INSERT INTO "order_items" VALUES(102,38,10,1);
INSERT INTO "order_items" VALUES(103,38,13,2);
INSERT INTO "order_items" VALUES(104,39,11,1);
INSERT INTO "order_items" VALUES(105,40,7,3);
INSERT INTO "order_items" VALUES(106,40,2,1);
INSERT INTO "order_items" VALUES(107,41,3,1);
INSERT INTO "order_items" VALUES(108,41,2,2);
INSERT INTO "order_items" VALUES(109,41,1,3);
INSERT INTO "order_items" VALUES(110,42,12,3);
INSERT INTO "order_items" VALUES(111,42,5,3);
INSERT INTO "order_items" VALUES(112,42,7,2);
INSERT INTO "order_items" VALUES(113,42,13,2);
INSERT INTO "order_items" VALUES(114,43,7,3);
INSERT INTO "order_items" VALUES(115,44,11,3);
INSERT INTO "order_items" VALUES(116,44,10,1);
INSERT INTO "order_items" VALUES(117,45,13,1);
INSERT INTO "order_items" VALUES(118,46,5,3);
INSERT INTO "order_items" VALUES(119,46,3,2);
INSERT INTO "order_items" VALUES(120,46,10,1);
INSERT INTO "order_items" VALUES(121,46,7,2);
INSERT INTO "order_items" VALUES(122,47,3,2);
INSERT INTO "order_items" VALUES(123,48,13,1);
INSERT INTO "order_items" VALUES(124,48,9,2);
INSERT INTO "order_items" VALUES(125,48,1,2);
INSERT INTO "order_items" VALUES(126,48,8,2);
INSERT INTO "order_items" VALUES(127,49,11,3);
INSERT INTO "order_items" VALUES(128,50,10,2);
INSERT INTO "order_items" VALUES(129,50,8,1);
INSERT INTO "order_items" VALUES(130,50,11,1);
INSERT INTO "order_items" VALUES(131,51,5,3);
INSERT INTO "order_items" VALUES(132,51,8,2);
INSERT INTO "order_items" VALUES(133,52,12,2);
INSERT INTO "order_items" VALUES(134,52,3,3);
INSERT INTO "order_items" VALUES(135,53,2,3);
INSERT INTO "order_items" VALUES(136,53,11,2);
INSERT INTO "order_items" VALUES(137,53,3,3);
INSERT INTO "order_items" VALUES(138,53,8,3);
INSERT INTO "order_items" VALUES(139,54,8,1);
INSERT INTO "order_items" VALUES(140,54,4,2);
INSERT INTO "order_items" VALUES(141,54,13,1);
INSERT INTO "order_items" VALUES(142,54,9,3);
INSERT INTO "order_items" VALUES(143,55,13,3);
INSERT INTO "order_items" VALUES(144,55,7,2);
INSERT INTO "order_items" VALUES(145,55,6,1);
INSERT INTO "order_items" VALUES(146,56,3,2);
INSERT INTO "order_items" VALUES(147,56,8,2);
INSERT INTO "order_items" VALUES(148,56,9,3);
INSERT INTO "order_items" VALUES(149,56,12,3);
INSERT INTO "order_items" VALUES(150,57,4,3);
INSERT INTO "order_items" VALUES(151,57,7,2);
INSERT INTO "order_items" VALUES(152,57,1,3);
INSERT INTO "order_items" VALUES(153,57,6,2);
INSERT INTO "order_items" VALUES(154,58,1,2);
INSERT INTO "order_items" VALUES(155,58,3,1);
INSERT INTO "order_items" VALUES(156,58,9,2);
INSERT INTO "order_items" VALUES(157,58,10,1);
INSERT INTO "order_items" VALUES(158,59,12,1);
INSERT INTO "order_items" VALUES(159,60,8,2);
INSERT INTO "order_items" VALUES(160,61,6,1);
INSERT INTO "order_items" VALUES(161,61,11,3);
INSERT INTO "order_items" VALUES(162,61,8,1);
INSERT INTO "order_items" VALUES(163,61,9,1);
INSERT INTO "order_items" VALUES(164,62,12,2);
INSERT INTO "order_items" VALUES(165,62,2,1);
INSERT INTO "order_items" VALUES(166,63,3,1);
INSERT INTO "order_items" VALUES(167,63,12,2);
INSERT INTO "order_items" VALUES(168,63,5,1);
INSERT INTO "order_items" VALUES(169,63,1,2);
INSERT INTO "order_items" VALUES(170,64,9,3);
INSERT INTO "order_items" VALUES(171,64,7,3);
INSERT INTO "order_items" VALUES(172,65,10,3);
INSERT INTO "order_items" VALUES(173,65,11,1);
INSERT INTO "order_items" VALUES(174,65,4,1);
INSERT INTO "order_items" VALUES(175,65,8,2);
INSERT INTO "order_items" VALUES(176,66,11,1);
INSERT INTO "order_items" VALUES(177,66,9,2);
INSERT INTO "order_items" VALUES(178,66,3,2);
INSERT INTO "order_items" VALUES(179,67,5,1);
INSERT INTO "order_items" VALUES(180,67,4,1);
INSERT INTO "order_items" VALUES(181,67,7,2);
INSERT INTO "order_items" VALUES(182,67,8,3);
INSERT INTO "order_items" VALUES(183,68,12,3);
INSERT INTO "order_items" VALUES(184,68,5,2);
INSERT INTO "order_items" VALUES(185,68,1,2);
INSERT INTO "order_items" VALUES(186,69,10,3);
INSERT INTO "order_items" VALUES(187,70,4,3);
INSERT INTO "order_items" VALUES(188,70,11,2);
INSERT INTO "order_items" VALUES(189,70,13,3);
INSERT INTO "order_items" VALUES(190,71,11,3);
INSERT INTO "order_items" VALUES(191,72,12,2);
INSERT INTO "order_items" VALUES(192,72,3,2);
INSERT INTO "order_items" VALUES(193,72,2,3);
INSERT INTO "order_items" VALUES(194,73,3,2);
INSERT INTO "order_items" VALUES(195,73,9,3);
INSERT INTO "order_items" VALUES(196,74,13,2);
INSERT INTO "order_items" VALUES(197,74,5,1);
INSERT INTO "order_items" VALUES(198,74,6,1);
INSERT INTO "order_items" VALUES(199,74,2,1);
INSERT INTO "order_items" VALUES(200,75,2,2);
INSERT INTO "order_items" VALUES(201,75,7,3);
INSERT INTO "order_items" VALUES(202,75,1,1);
INSERT INTO "order_items" VALUES(203,76,10,2);
INSERT INTO "order_items" VALUES(204,76,7,1);
INSERT INTO "order_items" VALUES(205,76,11,3);
INSERT INTO "order_items" VALUES(206,77,10,3);
INSERT INTO "order_items" VALUES(207,78,11,3);
INSERT INTO "order_items" VALUES(208,78,2,2);
INSERT INTO "order_items" VALUES(209,79,1,2);
INSERT INTO "order_items" VALUES(210,80,4,3);
INSERT INTO "order_items" VALUES(211,81,6,3);
INSERT INTO "order_items" VALUES(212,81,11,3);
INSERT INTO "order_items" VALUES(213,81,9,3);
INSERT INTO "order_items" VALUES(214,81,7,1);
INSERT INTO "order_items" VALUES(215,82,12,2);
INSERT INTO "order_items" VALUES(216,83,11,2);
INSERT INTO "order_items" VALUES(217,84,7,2);
INSERT INTO "order_items" VALUES(218,85,11,1);
INSERT INTO "order_items" VALUES(219,86,13,2);
INSERT INTO "order_items" VALUES(220,87,2,1);
INSERT INTO "order_items" VALUES(221,87,9,3);
INSERT INTO "order_items" VALUES(222,88,13,1);
INSERT INTO "order_items" VALUES(223,88,3,2);
INSERT INTO "order_items" VALUES(224,88,10,1);
INSERT INTO "order_items" VALUES(225,89,2,1);
INSERT INTO "order_items" VALUES(226,89,11,1);
INSERT INTO "order_items" VALUES(227,90,10,1);
INSERT INTO "order_items" VALUES(228,90,6,1);
INSERT INTO "order_items" VALUES(229,91,12,3);
INSERT INTO "order_items" VALUES(230,91,7,1);
INSERT INTO "order_items" VALUES(231,92,13,1);
INSERT INTO "order_items" VALUES(232,92,6,2);
INSERT INTO "order_items" VALUES(233,92,9,3);
INSERT INTO "order_items" VALUES(234,92,10,1);
INSERT INTO "order_items" VALUES(235,93,8,1);
INSERT INTO "order_items" VALUES(236,93,11,2);
INSERT INTO "order_items" VALUES(237,93,1,2);
INSERT INTO "order_items" VALUES(238,94,12,2);
INSERT INTO "order_items" VALUES(239,94,8,3);
INSERT INTO "order_items" VALUES(240,94,2,1);
INSERT INTO "order_items" VALUES(241,94,11,1);
INSERT INTO "order_items" VALUES(242,95,7,2);
INSERT INTO "order_items" VALUES(243,95,10,2);
INSERT INTO "order_items" VALUES(244,95,9,3);
INSERT INTO "order_items" VALUES(245,96,7,1);
INSERT INTO "order_items" VALUES(246,96,8,2);
INSERT INTO "order_items" VALUES(247,97,7,2);
INSERT INTO "order_items" VALUES(248,97,12,2);
INSERT INTO "order_items" VALUES(249,97,2,3);
INSERT INTO "order_items" VALUES(250,97,6,2);
INSERT INTO "order_items" VALUES(251,98,2,1);
INSERT INTO "order_items" VALUES(252,99,12,3);
INSERT INTO "order_items" VALUES(253,100,10,3);
INSERT INTO "order_items" VALUES(254,101,11,2);
INSERT INTO "order_items" VALUES(255,101,7,3);
INSERT INTO "order_items" VALUES(256,101,1,2);
INSERT INTO "order_items" VALUES(257,102,3,2);
INSERT INTO "order_items" VALUES(258,102,11,1);
INSERT INTO "order_items" VALUES(259,103,2,1);
INSERT INTO "order_items" VALUES(260,103,5,2);
INSERT INTO "order_items" VALUES(261,103,10,3);
INSERT INTO "order_items" VALUES(262,104,3,2);
INSERT INTO "order_items" VALUES(263,105,3,1);
INSERT INTO "order_items" VALUES(264,106,3,3);
INSERT INTO "order_items" VALUES(265,107,12,3);
INSERT INTO "order_items" VALUES(266,108,8,2);
INSERT INTO "order_items" VALUES(267,108,6,3);
INSERT INTO "order_items" VALUES(268,108,3,2);
INSERT INTO "order_items" VALUES(269,108,12,3);
INSERT INTO "order_items" VALUES(270,109,13,1);
INSERT INTO "order_items" VALUES(271,109,10,3);
INSERT INTO "order_items" VALUES(272,110,11,2);
INSERT INTO "order_items" VALUES(273,110,7,2);
INSERT INTO "order_items" VALUES(274,110,8,2);
INSERT INTO "order_items" VALUES(275,110,10,1);
INSERT INTO "order_items" VALUES(276,111,2,2);
INSERT INTO "order_items" VALUES(277,111,5,3);
INSERT INTO "order_items" VALUES(278,111,11,3);
INSERT INTO "order_items" VALUES(279,111,10,2);
INSERT INTO "order_items" VALUES(280,112,10,2);
INSERT INTO "order_items" VALUES(281,112,1,1);
INSERT INTO "order_items" VALUES(282,112,12,1);
INSERT INTO "order_items" VALUES(283,112,4,2);
INSERT INTO "order_items" VALUES(284,113,1,2);
INSERT INTO "order_items" VALUES(285,114,9,3);
INSERT INTO "order_items" VALUES(286,114,13,2);
INSERT INTO "order_items" VALUES(287,115,8,1);
INSERT INTO "order_items" VALUES(288,116,10,2);
INSERT INTO "order_items" VALUES(289,116,7,1);
INSERT INTO "order_items" VALUES(290,116,11,2);
INSERT INTO "order_items" VALUES(291,116,12,1);
INSERT INTO "order_items" VALUES(292,117,12,1);
INSERT INTO "order_items" VALUES(293,117,6,1);
INSERT INTO "order_items" VALUES(294,117,2,2);
INSERT INTO "order_items" VALUES(295,117,7,3);
INSERT INTO "order_items" VALUES(296,118,7,2);
INSERT INTO "order_items" VALUES(297,119,13,3);
INSERT INTO "order_items" VALUES(298,119,3,3);
INSERT INTO "order_items" VALUES(299,119,2,1);
INSERT INTO "order_items" VALUES(300,120,12,1);
INSERT INTO "order_items" VALUES(301,120,11,1);
INSERT INTO "order_items" VALUES(302,120,3,1);
INSERT INTO "order_items" VALUES(303,121,10,3);
INSERT INTO "order_items" VALUES(304,121,3,1);
INSERT INTO "order_items" VALUES(305,122,13,3);
INSERT INTO "order_items" VALUES(306,122,10,3);
INSERT INTO "order_items" VALUES(307,122,12,3);
INSERT INTO "order_items" VALUES(308,122,8,3);
INSERT INTO "order_items" VALUES(309,123,8,2);
INSERT INTO "order_items" VALUES(310,123,2,2);
INSERT INTO "order_items" VALUES(311,124,10,3);
INSERT INTO "order_items" VALUES(312,124,1,1);
INSERT INTO "order_items" VALUES(313,124,6,2);
INSERT INTO "order_items" VALUES(314,125,1,2);
INSERT INTO "order_items" VALUES(315,126,10,3);
INSERT INTO "order_items" VALUES(316,127,6,2);
INSERT INTO "order_items" VALUES(317,127,10,3);
INSERT INTO "order_items" VALUES(318,128,2,3);
INSERT INTO "order_items" VALUES(319,128,6,1);
INSERT INTO "order_items" VALUES(320,128,13,1);
INSERT INTO "order_items" VALUES(321,128,9,1);
INSERT INTO "order_items" VALUES(322,129,6,2);
INSERT INTO "order_items" VALUES(323,129,13,2);
INSERT INTO "order_items" VALUES(324,130,13,3);
INSERT INTO "order_items" VALUES(325,131,5,1);
INSERT INTO "order_items" VALUES(326,131,13,2);
INSERT INTO "order_items" VALUES(327,131,11,1);
INSERT INTO "order_items" VALUES(328,131,10,3);
INSERT INTO "order_items" VALUES(329,132,3,3);
INSERT INTO "order_items" VALUES(330,132,10,2);
INSERT INTO "order_items" VALUES(331,132,2,3);
INSERT INTO "order_items" VALUES(332,132,5,2);
INSERT INTO "order_items" VALUES(333,133,11,3);
INSERT INTO "order_items" VALUES(334,134,1,1);
INSERT INTO "order_items" VALUES(335,134,6,1);
INSERT INTO "order_items" VALUES(336,134,5,2);
INSERT INTO "order_items" VALUES(337,135,3,1);
INSERT INTO "order_items" VALUES(338,135,13,2);
INSERT INTO "order_items" VALUES(339,136,11,2);
INSERT INTO "order_items" VALUES(340,137,12,1);
INSERT INTO "order_items" VALUES(341,137,8,2);
INSERT INTO "order_items" VALUES(342,138,13,1);
INSERT INTO "order_items" VALUES(343,138,12,3);
INSERT INTO "order_items" VALUES(344,138,8,1);
INSERT INTO "order_items" VALUES(345,139,6,3);
INSERT INTO "order_items" VALUES(346,139,11,2);
INSERT INTO "order_items" VALUES(347,140,3,2);
INSERT INTO "order_items" VALUES(348,140,4,1);
INSERT INTO "order_items" VALUES(349,140,10,3);
INSERT INTO "order_items" VALUES(350,140,13,2);
INSERT INTO "order_items" VALUES(351,141,12,3);
INSERT INTO "order_items" VALUES(352,142,5,3);
INSERT INTO "order_items" VALUES(353,142,8,1);
INSERT INTO "order_items" VALUES(354,143,8,1);
INSERT INTO "order_items" VALUES(355,143,6,2);
INSERT INTO "order_items" VALUES(356,144,4,2);
INSERT INTO "order_items" VALUES(357,144,7,1);
INSERT INTO "order_items" VALUES(358,144,2,1);
INSERT INTO "order_items" VALUES(359,145,13,1);
INSERT INTO "order_items" VALUES(360,145,3,2);
INSERT INTO "order_items" VALUES(361,145,12,2);
INSERT INTO "order_items" VALUES(362,146,8,1);
INSERT INTO "order_items" VALUES(363,146,10,2);
INSERT INTO "order_items" VALUES(364,146,1,1);
INSERT INTO "order_items" VALUES(365,146,2,1);
INSERT INTO "order_items" VALUES(366,147,2,1);
INSERT INTO "order_items" VALUES(367,147,5,1);
INSERT INTO "order_items" VALUES(368,147,4,1);
INSERT INTO "order_items" VALUES(369,147,12,2);
INSERT INTO "order_items" VALUES(370,148,2,3);
INSERT INTO "order_items" VALUES(371,148,13,1);
INSERT INTO "order_items" VALUES(372,148,8,3);
INSERT INTO "order_items" VALUES(373,148,10,3);
INSERT INTO "order_items" VALUES(374,149,1,3);
INSERT INTO "order_items" VALUES(375,149,10,2);
INSERT INTO "order_items" VALUES(376,149,6,1);
INSERT INTO "order_items" VALUES(377,149,4,3);
INSERT INTO "order_items" VALUES(378,150,2,3);
INSERT INTO "order_items" VALUES(379,150,9,3);
INSERT INTO "order_items" VALUES(380,150,12,3);
INSERT INTO "order_items" VALUES(381,151,5,2);
INSERT INTO "order_items" VALUES(382,151,12,1);
INSERT INTO "order_items" VALUES(383,151,1,2);
INSERT INTO "order_items" VALUES(384,152,3,3);
INSERT INTO "order_items" VALUES(385,152,1,2);
INSERT INTO "order_items" VALUES(386,152,6,3);
INSERT INTO "order_items" VALUES(387,153,11,3);
INSERT INTO "order_items" VALUES(388,153,3,2);
INSERT INTO "order_items" VALUES(389,153,12,1);
INSERT INTO "order_items" VALUES(390,153,2,2);
INSERT INTO "order_items" VALUES(391,154,1,2);
INSERT INTO "order_items" VALUES(392,154,6,3);
INSERT INTO "order_items" VALUES(393,155,5,2);
INSERT INTO "order_items" VALUES(394,155,1,2);
INSERT INTO "order_items" VALUES(395,155,11,1);
INSERT INTO "order_items" VALUES(396,155,4,3);
INSERT INTO "order_items" VALUES(397,156,7,2);
INSERT INTO "order_items" VALUES(398,156,12,1);
INSERT INTO "order_items" VALUES(399,156,8,2);
INSERT INTO "order_items" VALUES(400,156,13,3);
INSERT INTO "order_items" VALUES(401,157,12,2);
INSERT INTO "order_items" VALUES(402,158,9,2);
INSERT INTO "order_items" VALUES(403,158,5,1);
INSERT INTO "order_items" VALUES(404,159,3,2);
INSERT INTO "order_items" VALUES(405,159,12,1);
INSERT INTO "order_items" VALUES(406,159,8,3);
INSERT INTO "order_items" VALUES(407,159,6,2);
INSERT INTO "order_items" VALUES(408,160,11,3);
INSERT INTO "order_items" VALUES(409,160,1,3);
INSERT INTO "order_items" VALUES(410,160,2,2);
INSERT INTO "order_items" VALUES(411,161,1,3);
INSERT INTO "order_items" VALUES(412,161,3,3);
INSERT INTO "order_items" VALUES(413,162,4,3);
INSERT INTO "order_items" VALUES(414,163,10,3);
INSERT INTO "order_items" VALUES(415,163,1,2);
INSERT INTO "order_items" VALUES(416,163,13,2);
INSERT INTO "order_items" VALUES(417,163,3,2);
INSERT INTO "order_items" VALUES(418,164,9,2);
INSERT INTO "order_items" VALUES(419,164,6,2);
INSERT INTO "order_items" VALUES(420,165,5,2);
INSERT INTO "order_items" VALUES(421,166,12,1);
INSERT INTO "order_items" VALUES(422,166,8,1);
INSERT INTO "order_items" VALUES(423,166,4,1);
INSERT INTO "order_items" VALUES(424,167,2,3);
INSERT INTO "order_items" VALUES(425,167,11,1);
INSERT INTO "order_items" VALUES(426,167,6,3);
INSERT INTO "order_items" VALUES(427,167,12,3);
INSERT INTO "order_items" VALUES(428,168,12,3);
INSERT INTO "order_items" VALUES(429,168,13,3);
INSERT INTO "order_items" VALUES(430,169,1,2);
INSERT INTO "order_items" VALUES(431,169,6,2);
INSERT INTO "order_items" VALUES(432,169,9,3);
INSERT INTO "order_items" VALUES(433,169,10,1);
INSERT INTO "order_items" VALUES(434,170,5,2);
INSERT INTO "order_items" VALUES(435,171,13,1);
INSERT INTO "order_items" VALUES(436,171,7,2);
INSERT INTO "order_items" VALUES(437,171,10,3);
INSERT INTO "order_items" VALUES(438,171,2,1);
INSERT INTO "order_items" VALUES(439,172,3,3);
INSERT INTO "order_items" VALUES(440,172,9,1);
INSERT INTO "order_items" VALUES(441,172,11,1);
INSERT INTO "order_items" VALUES(442,173,2,3);
INSERT INTO "order_items" VALUES(443,174,3,3);
INSERT INTO "order_items" VALUES(444,174,6,1);
INSERT INTO "order_items" VALUES(445,175,2,3);
INSERT INTO "order_items" VALUES(446,175,5,3);
INSERT INTO "order_items" VALUES(447,175,4,2);
INSERT INTO "order_items" VALUES(448,176,9,3);
INSERT INTO "order_items" VALUES(449,177,3,3);
INSERT INTO "order_items" VALUES(450,177,11,3);
INSERT INTO "order_items" VALUES(451,178,2,1);
INSERT INTO "order_items" VALUES(452,179,13,2);
INSERT INTO "order_items" VALUES(453,179,10,3);
INSERT INTO "order_items" VALUES(454,180,11,2);
INSERT INTO "order_items" VALUES(455,180,9,1);
INSERT INTO "order_items" VALUES(456,180,5,3);
INSERT INTO "order_items" VALUES(457,180,13,2);
INSERT INTO "order_items" VALUES(458,181,12,1);
INSERT INTO "order_items" VALUES(459,182,8,3);
INSERT INTO "order_items" VALUES(460,182,13,1);
INSERT INTO "order_items" VALUES(461,182,4,2);
INSERT INTO "order_items" VALUES(462,182,6,3);
INSERT INTO "order_items" VALUES(463,183,3,1);
INSERT INTO "order_items" VALUES(464,183,6,2);
INSERT INTO "order_items" VALUES(465,183,9,1);
INSERT INTO "order_items" VALUES(466,183,11,2);
INSERT INTO "order_items" VALUES(467,184,2,2);
INSERT INTO "order_items" VALUES(468,184,1,2);
INSERT INTO "order_items" VALUES(469,185,6,3);
INSERT INTO "order_items" VALUES(470,185,10,2);
INSERT INTO "order_items" VALUES(471,186,9,2);
INSERT INTO "order_items" VALUES(472,186,8,1);
INSERT INTO "order_items" VALUES(473,186,12,1);
INSERT INTO "order_items" VALUES(474,186,5,2);
INSERT INTO "order_items" VALUES(475,187,4,2);
INSERT INTO "order_items" VALUES(476,187,10,1);
INSERT INTO "order_items" VALUES(477,188,10,2);
INSERT INTO "order_items" VALUES(478,188,11,3);
INSERT INTO "order_items" VALUES(479,188,12,1);
INSERT INTO "order_items" VALUES(480,188,8,1);
INSERT INTO "order_items" VALUES(481,189,6,3);
INSERT INTO "order_items" VALUES(482,189,1,3);
INSERT INTO "order_items" VALUES(483,189,7,1);
INSERT INTO "order_items" VALUES(484,189,12,2);
INSERT INTO "order_items" VALUES(485,190,13,3);
INSERT INTO "order_items" VALUES(486,190,9,3);
INSERT INTO "order_items" VALUES(487,190,5,1);
INSERT INTO "order_items" VALUES(488,190,10,1);
INSERT INTO "order_items" VALUES(489,191,13,2);
INSERT INTO "order_items" VALUES(490,191,6,1);
INSERT INTO "order_items" VALUES(491,191,9,1);
INSERT INTO "order_items" VALUES(492,192,1,1);
INSERT INTO "order_items" VALUES(493,193,9,3);
INSERT INTO "order_items" VALUES(494,193,8,1);
INSERT INTO "order_items" VALUES(495,193,3,2);
INSERT INTO "order_items" VALUES(496,193,10,3);
INSERT INTO "order_items" VALUES(497,194,10,2);
INSERT INTO "order_items" VALUES(498,194,12,3);
INSERT INTO "order_items" VALUES(499,194,5,3);
INSERT INTO "order_items" VALUES(500,194,13,3);
INSERT INTO "order_items" VALUES(501,195,1,2);
INSERT INTO "order_items" VALUES(502,195,6,3);
INSERT INTO "order_items" VALUES(503,195,12,2);
INSERT INTO "order_items" VALUES(504,195,2,3);
INSERT INTO "order_items" VALUES(505,196,11,1);
INSERT INTO "order_items" VALUES(506,196,10,3);
INSERT INTO "order_items" VALUES(507,196,12,1);
INSERT INTO "order_items" VALUES(508,197,9,3);
INSERT INTO "order_items" VALUES(509,197,11,3);
INSERT INTO "order_items" VALUES(510,198,1,3);
INSERT INTO "order_items" VALUES(511,198,10,1);
INSERT INTO "order_items" VALUES(512,199,3,3);
INSERT INTO "order_items" VALUES(513,199,7,3);
INSERT INTO "order_items" VALUES(514,199,4,2);
INSERT INTO "order_items" VALUES(515,199,12,3);
INSERT INTO "order_items" VALUES(516,200,9,3);
INSERT INTO "order_items" VALUES(517,200,6,2);
INSERT INTO "order_items" VALUES(518,201,3,2);
INSERT INTO "order_items" VALUES(519,201,8,3);
INSERT INTO "order_items" VALUES(520,201,9,2);
INSERT INTO "order_items" VALUES(521,202,4,2);
INSERT INTO "order_items" VALUES(522,202,13,1);
INSERT INTO "order_items" VALUES(523,202,5,2);
INSERT INTO "order_items" VALUES(524,202,9,2);
INSERT INTO "order_items" VALUES(525,203,8,3);
INSERT INTO "order_items" VALUES(526,203,6,2);
INSERT INTO "order_items" VALUES(527,203,9,2);
INSERT INTO "order_items" VALUES(528,204,7,1);
INSERT INTO "order_items" VALUES(529,204,6,2);
INSERT INTO "order_items" VALUES(530,204,3,3);
INSERT INTO "order_items" VALUES(531,204,5,1);
INSERT INTO "order_items" VALUES(532,205,4,3);
INSERT INTO "order_items" VALUES(533,205,13,3);
INSERT INTO "order_items" VALUES(534,205,9,2);
INSERT INTO "order_items" VALUES(535,205,5,1);
INSERT INTO "order_items" VALUES(536,206,4,3);
INSERT INTO "order_items" VALUES(537,206,1,3);
INSERT INTO "order_items" VALUES(538,207,2,2);
INSERT INTO "order_items" VALUES(539,208,11,1);
INSERT INTO "order_items" VALUES(540,209,7,2);
INSERT INTO "order_items" VALUES(541,209,11,2);
INSERT INTO "order_items" VALUES(542,210,11,3);
INSERT INTO "order_items" VALUES(543,210,1,3);
INSERT INTO "order_items" VALUES(544,210,2,1);
INSERT INTO "order_items" VALUES(545,211,3,1);
INSERT INTO "order_items" VALUES(546,211,1,3);
INSERT INTO "order_items" VALUES(547,211,7,2);
INSERT INTO "order_items" VALUES(548,211,8,1);
INSERT INTO "order_items" VALUES(549,212,6,2);
INSERT INTO "order_items" VALUES(550,213,3,1);
INSERT INTO "order_items" VALUES(551,213,9,1);
INSERT INTO "order_items" VALUES(552,213,8,2);
INSERT INTO "order_items" VALUES(553,213,5,1);
INSERT INTO "order_items" VALUES(554,214,1,2);
INSERT INTO "order_items" VALUES(555,214,12,2);
INSERT INTO "order_items" VALUES(556,215,10,2);
INSERT INTO "order_items" VALUES(557,215,11,2);
INSERT INTO "order_items" VALUES(558,216,7,3);
INSERT INTO "order_items" VALUES(559,217,1,2);
INSERT INTO "order_items" VALUES(560,217,5,1);
INSERT INTO "order_items" VALUES(561,218,5,1);
INSERT INTO "order_items" VALUES(562,218,10,2);
INSERT INTO "order_items" VALUES(563,218,12,3);
INSERT INTO "order_items" VALUES(564,219,11,1);
INSERT INTO "order_items" VALUES(565,220,12,2);
INSERT INTO "order_items" VALUES(566,220,2,2);
INSERT INTO "order_items" VALUES(567,220,11,3);
INSERT INTO "order_items" VALUES(568,221,8,3);
INSERT INTO "order_items" VALUES(569,221,12,2);
INSERT INTO "order_items" VALUES(570,222,13,3);
INSERT INTO "order_items" VALUES(571,222,4,3);
INSERT INTO "order_items" VALUES(572,223,9,3);
INSERT INTO "order_items" VALUES(573,223,12,1);
INSERT INTO "order_items" VALUES(574,223,6,1);
INSERT INTO "order_items" VALUES(575,223,2,3);
INSERT INTO "order_items" VALUES(576,224,3,3);
INSERT INTO "order_items" VALUES(577,224,6,2);
INSERT INTO "order_items" VALUES(578,225,2,2);
INSERT INTO "order_items" VALUES(579,225,9,1);
INSERT INTO "order_items" VALUES(580,225,8,3);
INSERT INTO "order_items" VALUES(581,225,1,2);
INSERT INTO "order_items" VALUES(582,226,9,2);
INSERT INTO "order_items" VALUES(583,227,7,2);
INSERT INTO "order_items" VALUES(584,228,1,2);
INSERT INTO "order_items" VALUES(585,229,2,2);
INSERT INTO "order_items" VALUES(586,230,7,2);
INSERT INTO "order_items" VALUES(587,230,8,1);
INSERT INTO "order_items" VALUES(588,230,13,3);
INSERT INTO "order_items" VALUES(589,231,11,1);
INSERT INTO "order_items" VALUES(590,231,6,1);
INSERT INTO "order_items" VALUES(591,232,12,1);
INSERT INTO "order_items" VALUES(592,232,4,1);
INSERT INTO "order_items" VALUES(593,233,4,1);
INSERT INTO "order_items" VALUES(594,233,13,2);
INSERT INTO "order_items" VALUES(595,233,8,1);
INSERT INTO "order_items" VALUES(596,233,6,3);
INSERT INTO "order_items" VALUES(597,234,10,1);
INSERT INTO "order_items" VALUES(598,234,1,1);
INSERT INTO "order_items" VALUES(599,234,4,3);
INSERT INTO "order_items" VALUES(600,234,11,1);
INSERT INTO "order_items" VALUES(601,235,12,2);
INSERT INTO "order_items" VALUES(602,235,1,2);
INSERT INTO "order_items" VALUES(603,236,4,2);
INSERT INTO "order_items" VALUES(604,236,12,3);
INSERT INTO "order_items" VALUES(605,236,10,3);
INSERT INTO "order_items" VALUES(606,237,5,3);
INSERT INTO "order_items" VALUES(607,237,3,3);
INSERT INTO "order_items" VALUES(608,238,9,3);
INSERT INTO "order_items" VALUES(609,239,1,3);
INSERT INTO "order_items" VALUES(610,239,6,2);
INSERT INTO "order_items" VALUES(611,239,11,3);
INSERT INTO "order_items" VALUES(612,239,7,2);
INSERT INTO "order_items" VALUES(613,240,7,2);
INSERT INTO "order_items" VALUES(614,240,3,1);
INSERT INTO "order_items" VALUES(615,240,9,1);
INSERT INTO "order_items" VALUES(616,241,1,3);
INSERT INTO "order_items" VALUES(617,241,9,3);
INSERT INTO "order_items" VALUES(618,241,7,1);
INSERT INTO "order_items" VALUES(619,241,11,2);
INSERT INTO "order_items" VALUES(620,242,6,1);
INSERT INTO "order_items" VALUES(621,242,11,2);
INSERT INTO "order_items" VALUES(622,243,1,2);
INSERT INTO "order_items" VALUES(623,243,5,3);
INSERT INTO "order_items" VALUES(624,244,13,3);
INSERT INTO "order_items" VALUES(625,244,10,3);
INSERT INTO "order_items" VALUES(626,245,4,1);
INSERT INTO "order_items" VALUES(627,245,6,1);
INSERT INTO "order_items" VALUES(628,245,5,3);
INSERT INTO "order_items" VALUES(629,245,1,1);
INSERT INTO "order_items" VALUES(630,246,7,3);
INSERT INTO "order_items" VALUES(631,246,4,2);
INSERT INTO "order_items" VALUES(632,247,5,3);
INSERT INTO "order_items" VALUES(633,247,13,2);
INSERT INTO "order_items" VALUES(634,247,6,2);
INSERT INTO "order_items" VALUES(635,248,4,2);
INSERT INTO "order_items" VALUES(636,248,6,1);
INSERT INTO "order_items" VALUES(637,248,12,3);
INSERT INTO "order_items" VALUES(638,249,5,1);
INSERT INTO "order_items" VALUES(639,249,3,2);
INSERT INTO "order_items" VALUES(640,249,4,3);
INSERT INTO "order_items" VALUES(641,249,6,1);
INSERT INTO "order_items" VALUES(642,250,5,3);
INSERT INTO "order_items" VALUES(643,250,8,2);
INSERT INTO "order_items" VALUES(644,250,11,2);
INSERT INTO "order_items" VALUES(645,251,12,2);
INSERT INTO "order_items" VALUES(646,251,9,1);
INSERT INTO "order_items" VALUES(647,252,2,3);
INSERT INTO "order_items" VALUES(648,253,3,3);
INSERT INTO "order_items" VALUES(649,253,11,1);
INSERT INTO "order_items" VALUES(650,253,4,1);
INSERT INTO "order_items" VALUES(651,253,2,1);
INSERT INTO "order_items" VALUES(652,254,11,3);
INSERT INTO "order_items" VALUES(653,254,8,3);
INSERT INTO "order_items" VALUES(654,254,1,2);
INSERT INTO "order_items" VALUES(655,254,13,1);
INSERT INTO "order_items" VALUES(656,255,9,3);
INSERT INTO "order_items" VALUES(657,255,5,3);
INSERT INTO "order_items" VALUES(658,255,1,3);
INSERT INTO "order_items" VALUES(659,256,9,1);
INSERT INTO "order_items" VALUES(660,257,6,1);
INSERT INTO "order_items" VALUES(661,257,5,2);
INSERT INTO "order_items" VALUES(662,257,7,2);
INSERT INTO "order_items" VALUES(663,258,11,3);
INSERT INTO "order_items" VALUES(664,258,2,1);
INSERT INTO "order_items" VALUES(665,258,13,1);
INSERT INTO "order_items" VALUES(666,259,9,3);
INSERT INTO "order_items" VALUES(667,259,8,1);
INSERT INTO "order_items" VALUES(668,259,1,1);
INSERT INTO "order_items" VALUES(669,259,11,2);
INSERT INTO "order_items" VALUES(670,260,9,1);
INSERT INTO "order_items" VALUES(671,261,5,3);
INSERT INTO "order_items" VALUES(672,261,1,3);
INSERT INTO "order_items" VALUES(673,261,2,3);
INSERT INTO "order_items" VALUES(674,261,13,1);
INSERT INTO "order_items" VALUES(675,262,4,3);
INSERT INTO "order_items" VALUES(676,263,5,1);
INSERT INTO "order_items" VALUES(677,264,7,3);
INSERT INTO "order_items" VALUES(678,264,12,3);
INSERT INTO "order_items" VALUES(679,264,3,1);
INSERT INTO "order_items" VALUES(680,265,2,2);
INSERT INTO "order_items" VALUES(681,266,13,2);
INSERT INTO "order_items" VALUES(682,266,6,2);
INSERT INTO "order_items" VALUES(683,266,1,1);
INSERT INTO "order_items" VALUES(684,266,5,2);
INSERT INTO "order_items" VALUES(685,267,13,1);
INSERT INTO "order_items" VALUES(686,267,4,2);
INSERT INTO "order_items" VALUES(687,267,2,1);
INSERT INTO "order_items" VALUES(688,268,6,1);
INSERT INTO "order_items" VALUES(689,268,13,2);
INSERT INTO "order_items" VALUES(690,268,2,2);
INSERT INTO "order_items" VALUES(691,268,11,2);
INSERT INTO "order_items" VALUES(692,269,3,2);
INSERT INTO "order_items" VALUES(693,270,2,3);
INSERT INTO "order_items" VALUES(694,270,1,1);
INSERT INTO "order_items" VALUES(695,270,13,3);
INSERT INTO "order_items" VALUES(696,270,6,3);
INSERT INTO "order_items" VALUES(697,271,5,2);
INSERT INTO "order_items" VALUES(698,272,3,2);
INSERT INTO "order_items" VALUES(699,272,5,2);
INSERT INTO "order_items" VALUES(700,273,3,2);
INSERT INTO "order_items" VALUES(701,274,6,2);
INSERT INTO "order_items" VALUES(702,275,8,1);
INSERT INTO "order_items" VALUES(703,275,2,2);
INSERT INTO "order_items" VALUES(704,276,10,2);
INSERT INTO "order_items" VALUES(705,276,7,2);
INSERT INTO "order_items" VALUES(706,276,6,2);
INSERT INTO "order_items" VALUES(707,277,5,3);
INSERT INTO "order_items" VALUES(708,277,6,3);
INSERT INTO "order_items" VALUES(709,278,3,2);
INSERT INTO "order_items" VALUES(710,278,7,3);
INSERT INTO "order_items" VALUES(711,278,6,3);
INSERT INTO "order_items" VALUES(712,279,7,2);
INSERT INTO "order_items" VALUES(713,279,5,1);
INSERT INTO "order_items" VALUES(714,279,13,3);
INSERT INTO "order_items" VALUES(715,280,11,1);
INSERT INTO "order_items" VALUES(716,280,9,3);
INSERT INTO "order_items" VALUES(717,281,12,3);
INSERT INTO "order_items" VALUES(718,281,2,2);
INSERT INTO "order_items" VALUES(719,281,7,1);
INSERT INTO "order_items" VALUES(720,282,5,1);
INSERT INTO "order_items" VALUES(721,282,11,3);
INSERT INTO "order_items" VALUES(722,283,10,3);
INSERT INTO "order_items" VALUES(723,283,8,3);
INSERT INTO "order_items" VALUES(724,283,13,3);
INSERT INTO "order_items" VALUES(725,283,7,2);
INSERT INTO "order_items" VALUES(726,284,12,3);
INSERT INTO "order_items" VALUES(727,284,9,1);
INSERT INTO "order_items" VALUES(728,284,10,1);
INSERT INTO "order_items" VALUES(729,285,11,1);
INSERT INTO "order_items" VALUES(730,285,10,3);
INSERT INTO "order_items" VALUES(731,286,13,1);
INSERT INTO "order_items" VALUES(732,286,7,1);
INSERT INTO "order_items" VALUES(733,286,2,2);
INSERT INTO "order_items" VALUES(734,287,8,2);
INSERT INTO "order_items" VALUES(735,287,6,2);
INSERT INTO "order_items" VALUES(736,288,6,2);
INSERT INTO "order_items" VALUES(737,288,1,1);
INSERT INTO "order_items" VALUES(738,289,6,2);
INSERT INTO "order_items" VALUES(739,289,5,2);
INSERT INTO "order_items" VALUES(740,290,12,1);
INSERT INTO "order_items" VALUES(741,290,13,2);
INSERT INTO "order_items" VALUES(742,290,8,1);
INSERT INTO "order_items" VALUES(743,290,6,3);
INSERT INTO "order_items" VALUES(744,291,11,1);
INSERT INTO "order_items" VALUES(745,291,2,3);
INSERT INTO "order_items" VALUES(746,291,13,1);
INSERT INTO "order_items" VALUES(747,292,9,1);
INSERT INTO "order_items" VALUES(748,292,7,2);
INSERT INTO "order_items" VALUES(749,292,8,3);
INSERT INTO "order_items" VALUES(750,293,7,2);
INSERT INTO "order_items" VALUES(751,293,1,3);
INSERT INTO "order_items" VALUES(752,293,10,2);
INSERT INTO "order_items" VALUES(753,293,4,2);
INSERT INTO "order_items" VALUES(754,294,13,3);
INSERT INTO "order_items" VALUES(755,295,2,3);
INSERT INTO "order_items" VALUES(756,295,5,3);
INSERT INTO "order_items" VALUES(757,295,11,2);
INSERT INTO "order_items" VALUES(758,295,8,3);
INSERT INTO "order_items" VALUES(759,296,6,2);
INSERT INTO "order_items" VALUES(760,297,11,2);
INSERT INTO "order_items" VALUES(761,297,12,3);
INSERT INTO "order_items" VALUES(762,298,2,1);
INSERT INTO "order_items" VALUES(763,298,4,1);
INSERT INTO "order_items" VALUES(764,298,5,2);
INSERT INTO "order_items" VALUES(765,299,7,2);
INSERT INTO "order_items" VALUES(766,299,10,2);
INSERT INTO "order_items" VALUES(767,299,3,1);
INSERT INTO "order_items" VALUES(768,299,12,2);
INSERT INTO "order_items" VALUES(769,300,8,1);
INSERT INTO "order_items" VALUES(770,300,5,1);
INSERT INTO "order_items" VALUES(771,301,6,1);
INSERT INTO "order_items" VALUES(772,302,7,3);
INSERT INTO "order_items" VALUES(773,302,11,2);
INSERT INTO "order_items" VALUES(774,302,8,2);
INSERT INTO "order_items" VALUES(775,302,13,1);
INSERT INTO "order_items" VALUES(776,303,10,3);
INSERT INTO "order_items" VALUES(777,303,12,1);
INSERT INTO "order_items" VALUES(778,303,8,3);
INSERT INTO "order_items" VALUES(779,303,9,1);
INSERT INTO "order_items" VALUES(780,304,13,3);
INSERT INTO "order_items" VALUES(781,305,12,3);
INSERT INTO "order_items" VALUES(782,306,8,2);
INSERT INTO "order_items" VALUES(783,307,13,1);
INSERT INTO "order_items" VALUES(784,308,10,1);
INSERT INTO "order_items" VALUES(785,308,3,1);
INSERT INTO "order_items" VALUES(786,309,9,3);
INSERT INTO "order_items" VALUES(787,309,5,1);
INSERT INTO "order_items" VALUES(788,309,10,2);
INSERT INTO "order_items" VALUES(789,310,9,1);
INSERT INTO "order_items" VALUES(790,310,11,2);
INSERT INTO "order_items" VALUES(791,310,2,1);
INSERT INTO "order_items" VALUES(792,311,4,3);
INSERT INTO "order_items" VALUES(793,311,3,2);
INSERT INTO "order_items" VALUES(794,312,3,3);
INSERT INTO "order_items" VALUES(795,312,10,2);
INSERT INTO "order_items" VALUES(796,312,11,2);
INSERT INTO "order_items" VALUES(797,312,5,2);
INSERT INTO "order_items" VALUES(798,313,9,2);
INSERT INTO "order_items" VALUES(799,313,12,2);
INSERT INTO "order_items" VALUES(800,313,5,2);
INSERT INTO "order_items" VALUES(801,313,6,3);
INSERT INTO "order_items" VALUES(802,314,11,3);
INSERT INTO "order_items" VALUES(803,314,13,2);
INSERT INTO "order_items" VALUES(804,314,6,1);
INSERT INTO "order_items" VALUES(805,314,2,2);
INSERT INTO "order_items" VALUES(806,315,6,3);
INSERT INTO "order_items" VALUES(807,315,5,3);
INSERT INTO "order_items" VALUES(808,315,13,1);
INSERT INTO "order_items" VALUES(809,316,2,3);
INSERT INTO "order_items" VALUES(810,317,3,2);
INSERT INTO "order_items" VALUES(811,318,3,3);
INSERT INTO "order_items" VALUES(812,318,5,2);
INSERT INTO "order_items" VALUES(813,318,2,2);
INSERT INTO "order_items" VALUES(814,319,1,3);
INSERT INTO "order_items" VALUES(815,319,7,2);
INSERT INTO "order_items" VALUES(816,320,11,1);
INSERT INTO "order_items" VALUES(817,320,2,2);
INSERT INTO "order_items" VALUES(818,320,12,1);
INSERT INTO "order_items" VALUES(819,320,1,1);
INSERT INTO "order_items" VALUES(820,321,1,3);
INSERT INTO "order_items" VALUES(821,322,8,1);
INSERT INTO "order_items" VALUES(822,322,2,2);
INSERT INTO "order_items" VALUES(823,323,5,1);
INSERT INTO "order_items" VALUES(824,323,3,3);
INSERT INTO "order_items" VALUES(825,323,7,3);
INSERT INTO "order_items" VALUES(826,324,10,3);
INSERT INTO "order_items" VALUES(827,325,12,3);
INSERT INTO "order_items" VALUES(828,325,4,1);
INSERT INTO "order_items" VALUES(829,325,11,2);
INSERT INTO "order_items" VALUES(830,326,2,1);
INSERT INTO "order_items" VALUES(831,326,13,1);
INSERT INTO "order_items" VALUES(832,327,4,3);
INSERT INTO "order_items" VALUES(833,327,5,1);
INSERT INTO "order_items" VALUES(834,328,13,3);
INSERT INTO "order_items" VALUES(835,328,12,2);
INSERT INTO "order_items" VALUES(836,328,1,1);
INSERT INTO "order_items" VALUES(837,329,5,2);
INSERT INTO "order_items" VALUES(838,329,11,2);
INSERT INTO "order_items" VALUES(839,329,1,1);
INSERT INTO "order_items" VALUES(840,329,4,1);
INSERT INTO "order_items" VALUES(841,330,9,1);
INSERT INTO "order_items" VALUES(842,331,10,3);
INSERT INTO "order_items" VALUES(843,331,7,1);
INSERT INTO "order_items" VALUES(844,331,6,2);
INSERT INTO "order_items" VALUES(845,331,9,1);
INSERT INTO "order_items" VALUES(846,332,1,2);
INSERT INTO "order_items" VALUES(847,333,7,3);
INSERT INTO "order_items" VALUES(848,333,12,3);
INSERT INTO "order_items" VALUES(849,333,13,3);
INSERT INTO "order_items" VALUES(850,333,2,3);
INSERT INTO "order_items" VALUES(851,334,5,1);
INSERT INTO "order_items" VALUES(852,335,7,3);
INSERT INTO "order_items" VALUES(853,335,10,3);
INSERT INTO "order_items" VALUES(854,335,11,3);
INSERT INTO "order_items" VALUES(855,336,12,1);
INSERT INTO "order_items" VALUES(856,336,4,2);
INSERT INTO "order_items" VALUES(857,336,1,1);
INSERT INTO "order_items" VALUES(858,336,13,2);
INSERT INTO "order_items" VALUES(859,337,5,3);
INSERT INTO "order_items" VALUES(860,338,1,3);
INSERT INTO "order_items" VALUES(861,339,8,3);
INSERT INTO "order_items" VALUES(862,339,6,3);
INSERT INTO "order_items" VALUES(863,340,13,1);
INSERT INTO "order_items" VALUES(864,341,5,3);
CREATE TABLE orders (
    order_id INTEGER PRIMARY KEY,
    user_id INTEGER,
    order_date TEXT,
    status TEXT,
    FOREIGN KEY(user_id) REFERENCES users(user_id)
);
INSERT INTO "orders" VALUES(1,1,'2024-04-27','cancelled');
INSERT INTO "orders" VALUES(2,2,'2024-10-18','completed');
INSERT INTO "orders" VALUES(3,2,'2024-12-18','cancelled');
INSERT INTO "orders" VALUES(4,3,'2024-12-24','completed');
INSERT INTO "orders" VALUES(5,5,'2024-07-13','completed');
INSERT INTO "orders" VALUES(6,5,'2024-08-25','refunded');
INSERT INTO "orders" VALUES(7,6,'2024-07-03','cancelled');
INSERT INTO "orders" VALUES(8,6,'2024-09-11','refunded');
INSERT INTO "orders" VALUES(9,6,'2024-11-13','completed');
INSERT INTO "orders" VALUES(10,7,'2024-04-08','refunded');
INSERT INTO "orders" VALUES(11,7,'2024-06-02','completed');
INSERT INTO "orders" VALUES(12,8,'2024-08-20','completed');
INSERT INTO "orders" VALUES(13,9,'2024-05-24','completed');
INSERT INTO "orders" VALUES(14,10,'2024-12-20','completed');
INSERT INTO "orders" VALUES(15,11,'2024-04-10','completed');
INSERT INTO "orders" VALUES(16,11,'2024-05-01','completed');
INSERT INTO "orders" VALUES(17,11,'2024-06-10','refunded');
INSERT INTO "orders" VALUES(18,11,'2024-06-24','completed');
INSERT INTO "orders" VALUES(19,11,'2024-06-30','completed');
INSERT INTO "orders" VALUES(20,12,'2024-12-01','cancelled');
INSERT INTO "orders" VALUES(21,13,'2024-11-26','refunded');
INSERT INTO "orders" VALUES(22,14,'2024-03-24','refunded');
INSERT INTO "orders" VALUES(23,16,'2024-07-15','completed');
INSERT INTO "orders" VALUES(24,18,'2024-05-26','refunded');
INSERT INTO "orders" VALUES(25,18,'2024-07-28','cancelled');
INSERT INTO "orders" VALUES(26,18,'2024-08-26','cancelled');
INSERT INTO "orders" VALUES(27,19,'2024-06-24','completed');
INSERT INTO "orders" VALUES(28,19,'2024-07-27','completed');
INSERT INTO "orders" VALUES(29,22,'2024-10-28','cancelled');
INSERT INTO "orders" VALUES(30,23,'2024-05-01','completed');
INSERT INTO "orders" VALUES(31,23,'2024-06-06','completed');
INSERT INTO "orders" VALUES(32,23,'2024-09-04','completed');
INSERT INTO "orders" VALUES(33,23,'2024-09-28','completed');
INSERT INTO "orders" VALUES(34,24,'2024-08-14','completed');
INSERT INTO "orders" VALUES(35,24,'2024-09-15','completed');
INSERT INTO "orders" VALUES(36,25,'2024-07-07','cancelled');
INSERT INTO "orders" VALUES(37,27,'2024-02-20','completed');
INSERT INTO "orders" VALUES(38,27,'2024-03-12','completed');
INSERT INTO "orders" VALUES(39,27,'2024-04-18','cancelled');
INSERT INTO "orders" VALUES(40,28,'2024-08-06','refunded');
INSERT INTO "orders" VALUES(41,28,'2024-10-28','completed');
INSERT INTO "orders" VALUES(42,29,'2024-12-13','completed');
INSERT INTO "orders" VALUES(43,29,'2024-12-24','refunded');
INSERT INTO "orders" VALUES(44,30,'2024-04-22','completed');
INSERT INTO "orders" VALUES(45,30,'2024-07-18','completed');
INSERT INTO "orders" VALUES(46,30,'2024-09-17','refunded');
INSERT INTO "orders" VALUES(47,31,'2024-09-02','completed');
INSERT INTO "orders" VALUES(48,32,'2024-05-17','completed');
INSERT INTO "orders" VALUES(49,32,'2024-06-01','cancelled');
INSERT INTO "orders" VALUES(50,33,'2024-05-13','completed');
INSERT INTO "orders" VALUES(51,33,'2024-06-17','refunded');
INSERT INTO "orders" VALUES(52,34,'2024-12-22','refunded');
INSERT INTO "orders" VALUES(53,36,'2024-08-02','completed');
INSERT INTO "orders" VALUES(54,36,'2024-09-06','cancelled');
INSERT INTO "orders" VALUES(55,37,'2024-10-05','completed');
INSERT INTO "orders" VALUES(56,37,'2024-11-11','completed');
INSERT INTO "orders" VALUES(57,39,'2024-06-17','completed');
INSERT INTO "orders" VALUES(58,39,'2024-08-06','completed');
INSERT INTO "orders" VALUES(59,39,'2024-10-13','cancelled');
INSERT INTO "orders" VALUES(60,39,'2024-12-05','completed');
INSERT INTO "orders" VALUES(61,41,'2024-03-16','refunded');
INSERT INTO "orders" VALUES(62,41,'2024-06-05','completed');
INSERT INTO "orders" VALUES(63,41,'2024-08-26','completed');
INSERT INTO "orders" VALUES(64,42,'2024-12-27','completed');
INSERT INTO "orders" VALUES(65,43,'2024-05-19','refunded');
INSERT INTO "orders" VALUES(66,45,'2024-12-17','cancelled');
INSERT INTO "orders" VALUES(67,47,'2024-04-22','completed');
INSERT INTO "orders" VALUES(68,47,'2024-06-07','refunded');
INSERT INTO "orders" VALUES(69,47,'2024-06-09','refunded');
INSERT INTO "orders" VALUES(70,48,'2024-04-27','completed');
INSERT INTO "orders" VALUES(71,48,'2024-07-21','completed');
INSERT INTO "orders" VALUES(72,50,'2024-09-18','refunded');
INSERT INTO "orders" VALUES(73,50,'2024-11-11','completed');
INSERT INTO "orders" VALUES(74,51,'2024-03-17','completed');
INSERT INTO "orders" VALUES(75,51,'2024-06-12','cancelled');
INSERT INTO "orders" VALUES(76,51,'2024-08-10','completed');
INSERT INTO "orders" VALUES(77,51,'2024-09-09','cancelled');
INSERT INTO "orders" VALUES(78,51,'2024-10-21','refunded');
INSERT INTO "orders" VALUES(79,53,'2024-04-26','completed');
INSERT INTO "orders" VALUES(80,53,'2024-06-29','completed');
INSERT INTO "orders" VALUES(81,53,'2024-07-17','cancelled');
INSERT INTO "orders" VALUES(82,56,'2024-12-25','completed');
INSERT INTO "orders" VALUES(83,57,'2024-02-10','completed');
INSERT INTO "orders" VALUES(84,57,'2024-04-20','completed');
INSERT INTO "orders" VALUES(85,58,'2024-06-22','cancelled');
INSERT INTO "orders" VALUES(86,59,'2024-07-19','completed');
INSERT INTO "orders" VALUES(87,59,'2024-08-20','completed');
INSERT INTO "orders" VALUES(88,59,'2024-09-17','completed');
INSERT INTO "orders" VALUES(89,60,'2024-04-23','completed');
INSERT INTO "orders" VALUES(90,60,'2024-04-25','completed');
INSERT INTO "orders" VALUES(91,60,'2024-05-29','completed');
INSERT INTO "orders" VALUES(92,60,'2024-06-07','cancelled');
INSERT INTO "orders" VALUES(93,60,'2024-08-25','completed');
INSERT INTO "orders" VALUES(94,60,'2024-10-19','completed');
INSERT INTO "orders" VALUES(95,60,'2024-11-05','completed');
INSERT INTO "orders" VALUES(96,61,'2024-05-05','completed');
INSERT INTO "orders" VALUES(97,61,'2024-06-18','cancelled');
INSERT INTO "orders" VALUES(98,62,'2024-03-26','cancelled');
INSERT INTO "orders" VALUES(99,62,'2024-04-07','cancelled');
INSERT INTO "orders" VALUES(100,63,'2024-10-25','refunded');
INSERT INTO "orders" VALUES(101,64,'2024-10-13','cancelled');
INSERT INTO "orders" VALUES(102,65,'2024-07-01','refunded');
INSERT INTO "orders" VALUES(103,65,'2024-07-15','completed');
INSERT INTO "orders" VALUES(104,68,'2024-10-29','completed');
INSERT INTO "orders" VALUES(105,69,'2024-04-15','completed');
INSERT INTO "orders" VALUES(106,69,'2024-06-27','cancelled');
INSERT INTO "orders" VALUES(107,69,'2024-09-17','completed');
INSERT INTO "orders" VALUES(108,69,'2024-10-15','cancelled');
INSERT INTO "orders" VALUES(109,70,'2024-02-09','completed');
INSERT INTO "orders" VALUES(110,70,'2024-02-20','completed');
INSERT INTO "orders" VALUES(111,71,'2024-11-12','completed');
INSERT INTO "orders" VALUES(112,71,'2024-11-18','completed');
INSERT INTO "orders" VALUES(113,71,'2024-12-26','completed');
INSERT INTO "orders" VALUES(114,72,'2024-12-16','refunded');
INSERT INTO "orders" VALUES(115,74,'2024-05-03','cancelled');
INSERT INTO "orders" VALUES(116,74,'2024-06-13','refunded');
INSERT INTO "orders" VALUES(117,74,'2024-07-25','completed');
INSERT INTO "orders" VALUES(118,74,'2024-09-15','refunded');
INSERT INTO "orders" VALUES(119,74,'2024-10-29','completed');
INSERT INTO "orders" VALUES(120,75,'2024-07-13','completed');
INSERT INTO "orders" VALUES(121,75,'2024-08-15','completed');
INSERT INTO "orders" VALUES(122,76,'2024-07-21','cancelled');
INSERT INTO "orders" VALUES(123,77,'2024-05-31','completed');
INSERT INTO "orders" VALUES(124,77,'2024-08-20','completed');
INSERT INTO "orders" VALUES(125,77,'2024-10-19','cancelled');
INSERT INTO "orders" VALUES(126,77,'2024-11-25','completed');
INSERT INTO "orders" VALUES(127,79,'2024-09-05','cancelled');
INSERT INTO "orders" VALUES(128,79,'2024-09-25','completed');
INSERT INTO "orders" VALUES(129,80,'2024-09-22','refunded');
INSERT INTO "orders" VALUES(130,80,'2024-11-14','completed');
INSERT INTO "orders" VALUES(131,81,'2024-04-02','completed');
INSERT INTO "orders" VALUES(132,82,'2024-08-14','completed');
INSERT INTO "orders" VALUES(133,82,'2024-08-31','refunded');
INSERT INTO "orders" VALUES(134,82,'2024-10-25','refunded');
INSERT INTO "orders" VALUES(135,83,'2024-10-29','completed');
INSERT INTO "orders" VALUES(136,83,'2024-11-11','refunded');
INSERT INTO "orders" VALUES(137,85,'2024-02-25','refunded');
INSERT INTO "orders" VALUES(138,86,'2024-03-27','cancelled');
INSERT INTO "orders" VALUES(139,86,'2024-05-06','cancelled');
INSERT INTO "orders" VALUES(140,87,'2024-05-14','cancelled');
INSERT INTO "orders" VALUES(141,87,'2024-07-01','refunded');
INSERT INTO "orders" VALUES(142,88,'2024-04-18','completed');
INSERT INTO "orders" VALUES(143,88,'2024-06-13','completed');
INSERT INTO "orders" VALUES(144,88,'2024-06-20','cancelled');
INSERT INTO "orders" VALUES(145,88,'2024-07-31','completed');
INSERT INTO "orders" VALUES(146,88,'2024-10-29','completed');
INSERT INTO "orders" VALUES(147,89,'2024-08-08','refunded');
INSERT INTO "orders" VALUES(148,89,'2024-10-29','refunded');
INSERT INTO "orders" VALUES(149,90,'2024-02-27','completed');
INSERT INTO "orders" VALUES(150,90,'2024-05-23','completed');
INSERT INTO "orders" VALUES(151,92,'2024-01-14','cancelled');
INSERT INTO "orders" VALUES(152,92,'2024-02-14','completed');
INSERT INTO "orders" VALUES(153,92,'2024-03-08','cancelled');
INSERT INTO "orders" VALUES(154,92,'2024-04-03','completed');
INSERT INTO "orders" VALUES(155,92,'2024-05-24','refunded');
INSERT INTO "orders" VALUES(156,93,'2024-04-11','completed');
INSERT INTO "orders" VALUES(157,94,'2024-11-09','completed');
INSERT INTO "orders" VALUES(158,94,'2024-11-20','cancelled');
INSERT INTO "orders" VALUES(159,96,'2024-02-11','cancelled');
INSERT INTO "orders" VALUES(160,96,'2024-04-30','cancelled');
INSERT INTO "orders" VALUES(161,96,'2024-06-16','refunded');
INSERT INTO "orders" VALUES(162,97,'2024-08-25','completed');
INSERT INTO "orders" VALUES(163,97,'2024-10-11','completed');
INSERT INTO "orders" VALUES(164,97,'2024-12-07','completed');
INSERT INTO "orders" VALUES(165,100,'2024-05-26','cancelled');
INSERT INTO "orders" VALUES(166,101,'2024-05-19','refunded');
INSERT INTO "orders" VALUES(167,101,'2024-07-16','completed');
INSERT INTO "orders" VALUES(168,101,'2024-08-23','completed');
INSERT INTO "orders" VALUES(169,104,'2024-02-13','completed');
INSERT INTO "orders" VALUES(170,104,'2024-05-02','completed');
INSERT INTO "orders" VALUES(171,104,'2024-07-03','refunded');
INSERT INTO "orders" VALUES(172,104,'2024-08-30','cancelled');
INSERT INTO "orders" VALUES(173,104,'2024-10-25','refunded');
INSERT INTO "orders" VALUES(174,104,'2024-11-14','completed');
INSERT INTO "orders" VALUES(175,104,'2024-12-29','refunded');
INSERT INTO "orders" VALUES(176,105,'2024-12-02','refunded');
INSERT INTO "orders" VALUES(177,105,'2024-12-24','refunded');
INSERT INTO "orders" VALUES(178,106,'2024-04-12','completed');
INSERT INTO "orders" VALUES(179,107,'2024-06-18','completed');
INSERT INTO "orders" VALUES(180,107,'2024-09-08','completed');
INSERT INTO "orders" VALUES(181,107,'2024-10-17','cancelled');
INSERT INTO "orders" VALUES(182,107,'2024-11-07','cancelled');
INSERT INTO "orders" VALUES(183,107,'2024-12-18','completed');
INSERT INTO "orders" VALUES(184,108,'2024-04-02','completed');
INSERT INTO "orders" VALUES(185,109,'2024-09-17','completed');
INSERT INTO "orders" VALUES(186,109,'2024-10-12','completed');
INSERT INTO "orders" VALUES(187,109,'2024-12-16','cancelled');
INSERT INTO "orders" VALUES(188,109,'2024-12-23','completed');
INSERT INTO "orders" VALUES(189,110,'2024-06-09','completed');
INSERT INTO "orders" VALUES(190,111,'2024-01-31','cancelled');
INSERT INTO "orders" VALUES(191,111,'2024-02-13','cancelled');
INSERT INTO "orders" VALUES(192,112,'2024-09-23','refunded');
INSERT INTO "orders" VALUES(193,112,'2024-10-11','completed');
INSERT INTO "orders" VALUES(194,112,'2024-11-21','completed');
INSERT INTO "orders" VALUES(195,113,'2024-12-28','completed');
INSERT INTO "orders" VALUES(196,114,'2024-07-29','cancelled');
INSERT INTO "orders" VALUES(197,114,'2024-10-12','cancelled');
INSERT INTO "orders" VALUES(198,114,'2024-11-30','completed');
INSERT INTO "orders" VALUES(199,115,'2024-06-28','completed');
INSERT INTO "orders" VALUES(200,116,'2024-03-26','refunded');
INSERT INTO "orders" VALUES(201,116,'2024-06-02','cancelled');
INSERT INTO "orders" VALUES(202,116,'2024-08-28','completed');
INSERT INTO "orders" VALUES(203,117,'2024-11-19','cancelled');
INSERT INTO "orders" VALUES(204,117,'2024-12-05','refunded');
INSERT INTO "orders" VALUES(205,118,'2024-03-29','completed');
INSERT INTO "orders" VALUES(206,118,'2024-04-12','refunded');
INSERT INTO "orders" VALUES(207,118,'2024-05-11','completed');
INSERT INTO "orders" VALUES(208,118,'2024-06-23','cancelled');
INSERT INTO "orders" VALUES(209,118,'2024-06-24','refunded');
INSERT INTO "orders" VALUES(210,119,'2024-11-21','completed');
INSERT INTO "orders" VALUES(211,120,'2024-10-07','completed');
INSERT INTO "orders" VALUES(212,120,'2024-10-09','completed');
INSERT INTO "orders" VALUES(213,120,'2024-12-07','refunded');
INSERT INTO "orders" VALUES(214,121,'2024-08-06','completed');
INSERT INTO "orders" VALUES(215,121,'2024-10-18','completed');
INSERT INTO "orders" VALUES(216,121,'2024-12-23','completed');
INSERT INTO "orders" VALUES(217,123,'2024-07-26','completed');
INSERT INTO "orders" VALUES(218,123,'2024-09-22','completed');
INSERT INTO "orders" VALUES(219,123,'2024-11-08','completed');
INSERT INTO "orders" VALUES(220,124,'2024-11-26','refunded');
INSERT INTO "orders" VALUES(221,125,'2024-11-27','cancelled');
INSERT INTO "orders" VALUES(222,126,'2024-03-16','cancelled');
INSERT INTO "orders" VALUES(223,126,'2024-03-27','refunded');
INSERT INTO "orders" VALUES(224,127,'2024-06-28','refunded');
INSERT INTO "orders" VALUES(225,127,'2024-07-13','completed');
INSERT INTO "orders" VALUES(226,127,'2024-09-10','refunded');
INSERT INTO "orders" VALUES(227,127,'2024-12-06','completed');
INSERT INTO "orders" VALUES(228,127,'2024-12-07','completed');
INSERT INTO "orders" VALUES(229,128,'2024-03-18','refunded');
INSERT INTO "orders" VALUES(230,130,'2024-04-07','cancelled');
INSERT INTO "orders" VALUES(231,130,'2024-07-01','refunded');
INSERT INTO "orders" VALUES(232,131,'2024-12-26','refunded');
INSERT INTO "orders" VALUES(233,132,'2024-06-23','cancelled');
INSERT INTO "orders" VALUES(234,132,'2024-07-08','completed');
INSERT INTO "orders" VALUES(235,133,'2024-12-11','completed');
INSERT INTO "orders" VALUES(236,134,'2024-02-04','completed');
INSERT INTO "orders" VALUES(237,134,'2024-05-01','completed');
INSERT INTO "orders" VALUES(238,135,'2024-06-29','completed');
INSERT INTO "orders" VALUES(239,136,'2024-07-12','cancelled');
INSERT INTO "orders" VALUES(240,136,'2024-09-03','completed');
INSERT INTO "orders" VALUES(241,136,'2024-10-12','completed');
INSERT INTO "orders" VALUES(242,136,'2024-11-13','completed');
INSERT INTO "orders" VALUES(243,136,'2024-12-31','completed');
INSERT INTO "orders" VALUES(244,137,'2024-03-29','completed');
INSERT INTO "orders" VALUES(245,137,'2024-06-09','completed');
INSERT INTO "orders" VALUES(246,137,'2024-08-10','completed');
INSERT INTO "orders" VALUES(247,138,'2024-11-27','cancelled');
INSERT INTO "orders" VALUES(248,138,'2024-12-10','cancelled');
INSERT INTO "orders" VALUES(249,139,'2024-10-17','completed');
INSERT INTO "orders" VALUES(250,139,'2024-12-20','refunded');
INSERT INTO "orders" VALUES(251,140,'2024-03-25','completed');
INSERT INTO "orders" VALUES(252,140,'2024-06-03','completed');
INSERT INTO "orders" VALUES(253,140,'2024-06-10','completed');
INSERT INTO "orders" VALUES(254,141,'2024-11-23','completed');
INSERT INTO "orders" VALUES(255,141,'2024-11-26','refunded');
INSERT INTO "orders" VALUES(256,142,'2024-11-17','completed');
INSERT INTO "orders" VALUES(257,142,'2024-12-18','completed');
INSERT INTO "orders" VALUES(258,143,'2024-09-09','completed');
INSERT INTO "orders" VALUES(259,143,'2024-10-31','cancelled');
INSERT INTO "orders" VALUES(260,144,'2024-08-28','completed');
INSERT INTO "orders" VALUES(261,144,'2024-09-27','completed');
INSERT INTO "orders" VALUES(262,144,'2024-10-20','completed');
INSERT INTO "orders" VALUES(263,144,'2024-11-08','cancelled');
INSERT INTO "orders" VALUES(264,145,'2024-09-13','cancelled');
INSERT INTO "orders" VALUES(265,145,'2024-11-17','completed');
INSERT INTO "orders" VALUES(266,146,'2024-12-17','completed');
INSERT INTO "orders" VALUES(267,149,'2024-06-19','completed');
INSERT INTO "orders" VALUES(268,149,'2024-08-07','completed');
INSERT INTO "orders" VALUES(269,150,'2024-08-13','completed');
INSERT INTO "orders" VALUES(270,150,'2024-10-10','refunded');
INSERT INTO "orders" VALUES(271,150,'2024-11-21','cancelled');
INSERT INTO "orders" VALUES(272,153,'2024-06-07','cancelled');
INSERT INTO "orders" VALUES(273,153,'2024-08-10','completed');
INSERT INTO "orders" VALUES(274,154,'2024-08-22','cancelled');
INSERT INTO "orders" VALUES(275,155,'2024-07-13','cancelled');
INSERT INTO "orders" VALUES(276,155,'2024-07-14','cancelled');
INSERT INTO "orders" VALUES(277,155,'2024-10-06','refunded');
INSERT INTO "orders" VALUES(278,155,'2024-11-01','cancelled');
INSERT INTO "orders" VALUES(279,156,'2024-09-10','completed');
INSERT INTO "orders" VALUES(280,156,'2024-10-06','refunded');
INSERT INTO "orders" VALUES(281,157,'2024-05-21','cancelled');
INSERT INTO "orders" VALUES(282,157,'2024-08-11','completed');
INSERT INTO "orders" VALUES(283,158,'2024-09-10','completed');
INSERT INTO "orders" VALUES(284,158,'2024-11-19','completed');
INSERT INTO "orders" VALUES(285,159,'2024-04-30','completed');
INSERT INTO "orders" VALUES(286,159,'2024-07-22','cancelled');
INSERT INTO "orders" VALUES(287,159,'2024-08-20','refunded');
INSERT INTO "orders" VALUES(288,159,'2024-11-15','refunded');
INSERT INTO "orders" VALUES(289,160,'2024-12-05','completed');
INSERT INTO "orders" VALUES(290,162,'2024-03-16','completed');
INSERT INTO "orders" VALUES(291,162,'2024-03-31','completed');
INSERT INTO "orders" VALUES(292,163,'2024-06-11','completed');
INSERT INTO "orders" VALUES(293,163,'2024-07-05','completed');
INSERT INTO "orders" VALUES(294,165,'2024-09-15','completed');
INSERT INTO "orders" VALUES(295,166,'2024-09-22','completed');
INSERT INTO "orders" VALUES(296,167,'2024-04-20','refunded');
INSERT INTO "orders" VALUES(297,167,'2024-06-18','refunded');
INSERT INTO "orders" VALUES(298,168,'2024-07-03','completed');
INSERT INTO "orders" VALUES(299,168,'2024-09-30','completed');
INSERT INTO "orders" VALUES(300,170,'2024-10-16','refunded');
INSERT INTO "orders" VALUES(301,170,'2024-11-26','cancelled');
INSERT INTO "orders" VALUES(302,171,'2024-08-24','refunded');
INSERT INTO "orders" VALUES(303,176,'2024-07-23','completed');
INSERT INTO "orders" VALUES(304,177,'2024-12-19','completed');
INSERT INTO "orders" VALUES(305,178,'2024-08-31','cancelled');
INSERT INTO "orders" VALUES(306,178,'2024-10-02','completed');
INSERT INTO "orders" VALUES(307,179,'2024-12-24','cancelled');
INSERT INTO "orders" VALUES(308,181,'2024-10-13','cancelled');
INSERT INTO "orders" VALUES(309,181,'2024-10-21','refunded');
INSERT INTO "orders" VALUES(310,181,'2024-11-28','completed');
INSERT INTO "orders" VALUES(311,182,'2024-08-27','completed');
INSERT INTO "orders" VALUES(312,182,'2024-09-28','cancelled');
INSERT INTO "orders" VALUES(313,182,'2024-10-08','completed');
INSERT INTO "orders" VALUES(314,182,'2024-10-09','completed');
INSERT INTO "orders" VALUES(315,182,'2024-11-06','cancelled');
INSERT INTO "orders" VALUES(316,183,'2024-09-21','completed');
INSERT INTO "orders" VALUES(317,183,'2024-11-19','completed');
INSERT INTO "orders" VALUES(318,185,'2024-09-09','completed');
INSERT INTO "orders" VALUES(319,185,'2024-09-20','completed');
INSERT INTO "orders" VALUES(320,185,'2024-12-19','completed');
INSERT INTO "orders" VALUES(321,186,'2024-12-15','cancelled');
INSERT INTO "orders" VALUES(322,187,'2024-12-19','cancelled');
INSERT INTO "orders" VALUES(323,189,'2024-07-04','completed');
INSERT INTO "orders" VALUES(324,189,'2024-07-23','completed');
INSERT INTO "orders" VALUES(325,189,'2024-08-14','cancelled');
INSERT INTO "orders" VALUES(326,189,'2024-11-01','cancelled');
INSERT INTO "orders" VALUES(327,191,'2024-06-05','completed');
INSERT INTO "orders" VALUES(328,191,'2024-07-07','refunded');
INSERT INTO "orders" VALUES(329,192,'2024-03-30','completed');
INSERT INTO "orders" VALUES(330,192,'2024-06-02','refunded');
INSERT INTO "orders" VALUES(331,193,'2024-12-19','completed');
INSERT INTO "orders" VALUES(332,193,'2024-12-22','refunded');
INSERT INTO "orders" VALUES(333,196,'2024-11-14','completed');
INSERT INTO "orders" VALUES(334,196,'2024-12-04','completed');
INSERT INTO "orders" VALUES(335,197,'2024-04-05','refunded');
INSERT INTO "orders" VALUES(336,197,'2024-04-14','completed');
INSERT INTO "orders" VALUES(337,197,'2024-07-02','refunded');
INSERT INTO "orders" VALUES(338,197,'2024-09-25','completed');
INSERT INTO "orders" VALUES(339,197,'2024-10-13','completed');
INSERT INTO "orders" VALUES(340,199,'2024-05-09','completed');
INSERT INTO "orders" VALUES(341,200,'2024-10-19','completed');
CREATE TABLE products (
    product_id INTEGER PRIMARY KEY,
    product_name TEXT,
    category TEXT,
    price REAL
);
INSERT INTO "products" VALUES(1,'Wireless Mouse','Electronics',161.66);
INSERT INTO "products" VALUES(2,'USB-C Hub','Electronics',11.13);
INSERT INTO "products" VALUES(3,'Bluetooth Speaker','Electronics',72.38);
INSERT INTO "products" VALUES(4,'Webcam','Electronics',59.69);
INSERT INTO "products" VALUES(5,'Laptop Stand','Electronics',185.44);
INSERT INTO "products" VALUES(6,'Python Crash Course','Books',170.79);
INSERT INTO "products" VALUES(7,'Deep Learning 101','Books',223.58);
INSERT INTO "products" VALUES(8,'SQL Cookbook','Books',26.3);
INSERT INTO "products" VALUES(9,'ML Interview Guide','Books',108.37);
INSERT INTO "products" VALUES(10,'Desk Lamp','Home',12.3);
INSERT INTO "products" VALUES(11,'Coffee Mug','Home',58.57);
INSERT INTO "products" VALUES(12,'Notebook Set','Home',128.81);
INSERT INTO "products" VALUES(13,'Office Chair','Home',11.5);
CREATE TABLE users (
    user_id INTEGER PRIMARY KEY,
    signup_date TEXT,
    country TEXT,
    referral_source TEXT
);
INSERT INTO "users" VALUES(1,'2024-04-11','India',NULL);
INSERT INTO "users" VALUES(2,'2024-08-02','USA','google_ads');
INSERT INTO "users" VALUES(3,'2024-10-28','UK','organic');
INSERT INTO "users" VALUES(4,'2025-01-23','USA','google_ads');
INSERT INTO "users" VALUES(5,'2024-06-23','UK','facebook_ads');
INSERT INTO "users" VALUES(6,'2024-04-20','UK','organic');
INSERT INTO "users" VALUES(7,'2024-02-17','UAE','organic');
INSERT INTO "users" VALUES(8,'2024-07-02','UK',NULL);
INSERT INTO "users" VALUES(9,'2024-05-15','Pakistan','google_ads');
INSERT INTO "users" VALUES(10,'2024-10-01','Pakistan','google_ads');
INSERT INTO "users" VALUES(11,'2024-02-10','Germany','referral');
INSERT INTO "users" VALUES(12,'2024-11-17','Germany','referral');
INSERT INTO "users" VALUES(13,'2024-10-22','USA','organic');
INSERT INTO "users" VALUES(14,'2024-01-24','India','facebook_ads');
INSERT INTO "users" VALUES(15,'2025-01-30','UK','organic');
INSERT INTO "users" VALUES(16,'2024-04-29','Pakistan','google_ads');
INSERT INTO "users" VALUES(17,'2024-05-22','UAE','referral');
INSERT INTO "users" VALUES(18,'2024-03-24','UK','referral');
INSERT INTO "users" VALUES(19,'2024-04-17','India','referral');
INSERT INTO "users" VALUES(20,'2024-12-25','India','organic');
INSERT INTO "users" VALUES(21,'2024-11-07','India','facebook_ads');
INSERT INTO "users" VALUES(22,'2024-09-30','India','facebook_ads');
INSERT INTO "users" VALUES(23,'2024-03-24','UAE','google_ads');
INSERT INTO "users" VALUES(24,'2024-05-18','India',NULL);
INSERT INTO "users" VALUES(25,'2024-04-22','India','referral');
INSERT INTO "users" VALUES(26,'2025-01-28','Pakistan','facebook_ads');
INSERT INTO "users" VALUES(27,'2024-01-17','UK','google_ads');
INSERT INTO "users" VALUES(28,'2024-05-17','Pakistan','facebook_ads');
INSERT INTO "users" VALUES(29,'2024-10-17','India','referral');
INSERT INTO "users" VALUES(30,'2024-04-18','India','google_ads');
INSERT INTO "users" VALUES(31,'2024-07-21','India','google_ads');
INSERT INTO "users" VALUES(32,'2024-03-14','UK','facebook_ads');
INSERT INTO "users" VALUES(33,'2024-05-06','India',NULL);
INSERT INTO "users" VALUES(34,'2024-10-02','UK',NULL);
INSERT INTO "users" VALUES(35,'2024-08-07','Germany','google_ads');
INSERT INTO "users" VALUES(36,'2024-07-04','USA','facebook_ads');
INSERT INTO "users" VALUES(37,'2024-09-17','UAE','organic');
INSERT INTO "users" VALUES(38,'2025-01-21','Pakistan','organic');
INSERT INTO "users" VALUES(39,'2024-03-19','India','facebook_ads');
INSERT INTO "users" VALUES(40,'2024-12-14','UAE',NULL);
INSERT INTO "users" VALUES(41,'2024-02-02','UAE','google_ads');
INSERT INTO "users" VALUES(42,'2024-11-01','UAE',NULL);
INSERT INTO "users" VALUES(43,'2024-05-08','Germany','organic');
INSERT INTO "users" VALUES(44,'2024-12-14','India','organic');
INSERT INTO "users" VALUES(45,'2024-12-15','Germany','referral');
INSERT INTO "users" VALUES(46,'2025-01-28','India','referral');
INSERT INTO "users" VALUES(47,'2024-02-27','UK','google_ads');
INSERT INTO "users" VALUES(48,'2024-03-21','UAE','organic');
INSERT INTO "users" VALUES(49,'2025-01-04','India','referral');
INSERT INTO "users" VALUES(50,'2024-09-13','USA',NULL);
INSERT INTO "users" VALUES(51,'2024-02-24','India','referral');
INSERT INTO "users" VALUES(52,'2024-11-23','Germany',NULL);
INSERT INTO "users" VALUES(53,'2024-04-11','USA','referral');
INSERT INTO "users" VALUES(54,'2025-01-25','USA',NULL);
INSERT INTO "users" VALUES(55,'2025-02-02','Germany','organic');
INSERT INTO "users" VALUES(56,'2024-11-02','UK','google_ads');
INSERT INTO "users" VALUES(57,'2024-01-10','Pakistan','referral');
INSERT INTO "users" VALUES(58,'2024-06-06','USA','organic');
INSERT INTO "users" VALUES(59,'2024-05-03','Germany','organic');
INSERT INTO "users" VALUES(60,'2024-02-13','India','google_ads');
INSERT INTO "users" VALUES(61,'2024-02-05','Germany','facebook_ads');
INSERT INTO "users" VALUES(62,'2024-03-06','India','google_ads');
INSERT INTO "users" VALUES(63,'2024-10-08','USA','referral');
INSERT INTO "users" VALUES(64,'2024-09-27','Germany','google_ads');
INSERT INTO "users" VALUES(65,'2024-04-18','Germany','facebook_ads');
INSERT INTO "users" VALUES(66,'2024-12-31','UK','google_ads');
INSERT INTO "users" VALUES(67,'2024-12-09','India','referral');
INSERT INTO "users" VALUES(68,'2024-08-12','Germany','google_ads');
INSERT INTO "users" VALUES(69,'2024-03-02','USA','facebook_ads');
INSERT INTO "users" VALUES(70,'2024-02-02','UK','organic');
INSERT INTO "users" VALUES(71,'2024-10-28','Germany','facebook_ads');
INSERT INTO "users" VALUES(72,'2024-10-28','USA','organic');
INSERT INTO "users" VALUES(73,'2024-02-06','India','organic');
INSERT INTO "users" VALUES(74,'2024-04-27','Pakistan','organic');
INSERT INTO "users" VALUES(75,'2024-06-18','Pakistan',NULL);
INSERT INTO "users" VALUES(76,'2024-05-01','UK','google_ads');
INSERT INTO "users" VALUES(77,'2024-04-19','Germany','facebook_ads');
INSERT INTO "users" VALUES(78,'2025-01-05','Germany',NULL);
INSERT INTO "users" VALUES(79,'2024-08-30','USA','google_ads');
INSERT INTO "users" VALUES(80,'2024-07-27','USA','organic');
INSERT INTO "users" VALUES(81,'2024-02-19','India','google_ads');
INSERT INTO "users" VALUES(82,'2024-06-30','UAE','google_ads');
INSERT INTO "users" VALUES(83,'2024-08-27','India','organic');
INSERT INTO "users" VALUES(84,'2024-12-10','India','organic');
INSERT INTO "users" VALUES(85,'2024-02-01','UAE','referral');
INSERT INTO "users" VALUES(86,'2024-02-25','USA','facebook_ads');
INSERT INTO "users" VALUES(87,'2024-04-07','Germany','google_ads');
INSERT INTO "users" VALUES(88,'2024-03-12','UAE','facebook_ads');
INSERT INTO "users" VALUES(89,'2024-05-22','UAE','facebook_ads');
INSERT INTO "users" VALUES(90,'2024-02-08','UAE',NULL);
INSERT INTO "users" VALUES(91,'2024-02-20','Pakistan',NULL);
INSERT INTO "users" VALUES(92,'2024-01-08','Pakistan','facebook_ads');
INSERT INTO "users" VALUES(93,'2024-03-26','UAE','google_ads');
INSERT INTO "users" VALUES(94,'2024-09-03','USA','google_ads');
INSERT INTO "users" VALUES(95,'2024-01-31','USA','google_ads');
INSERT INTO "users" VALUES(96,'2024-01-02','UAE','referral');
INSERT INTO "users" VALUES(97,'2024-08-20','UK','google_ads');
INSERT INTO "users" VALUES(98,'2024-12-22','India',NULL);
INSERT INTO "users" VALUES(99,'2024-12-04','India','google_ads');
INSERT INTO "users" VALUES(100,'2024-03-20','USA','referral');
INSERT INTO "users" VALUES(101,'2024-04-21','Pakistan',NULL);
INSERT INTO "users" VALUES(102,'2025-01-11','Germany','organic');
INSERT INTO "users" VALUES(103,'2025-01-17','UK','organic');
INSERT INTO "users" VALUES(104,'2024-01-26','Germany','google_ads');
INSERT INTO "users" VALUES(105,'2024-09-14','Germany','facebook_ads');
INSERT INTO "users" VALUES(106,'2024-01-30','Germany','organic');
INSERT INTO "users" VALUES(107,'2024-04-05','Pakistan',NULL);
INSERT INTO "users" VALUES(108,'2024-02-04','India','facebook_ads');
INSERT INTO "users" VALUES(109,'2024-07-25','Pakistan',NULL);
INSERT INTO "users" VALUES(110,'2024-05-06','Germany',NULL);
INSERT INTO "users" VALUES(111,'2024-01-21','Germany','organic');
INSERT INTO "users" VALUES(112,'2024-08-02','India',NULL);
INSERT INTO "users" VALUES(113,'2024-10-16','Germany','referral');
INSERT INTO "users" VALUES(114,'2024-05-13','USA','referral');
INSERT INTO "users" VALUES(115,'2024-05-02','UK','google_ads');
INSERT INTO "users" VALUES(116,'2024-03-08','India','referral');
INSERT INTO "users" VALUES(117,'2024-08-22','UK','organic');
INSERT INTO "users" VALUES(118,'2024-01-05','UAE',NULL);
INSERT INTO "users" VALUES(119,'2024-10-15','Pakistan','organic');
INSERT INTO "users" VALUES(120,'2024-10-02','USA',NULL);
INSERT INTO "users" VALUES(121,'2024-05-15','USA','referral');
INSERT INTO "users" VALUES(122,'2024-02-05','USA','referral');
INSERT INTO "users" VALUES(123,'2024-05-25','USA','google_ads');
INSERT INTO "users" VALUES(124,'2024-10-05','India','referral');
INSERT INTO "users" VALUES(125,'2024-11-09','India',NULL);
INSERT INTO "users" VALUES(126,'2024-01-05','India',NULL);
INSERT INTO "users" VALUES(127,'2024-06-02','India','organic');
INSERT INTO "users" VALUES(128,'2024-03-09','UK','organic');
INSERT INTO "users" VALUES(129,'2024-02-24','India',NULL);
INSERT INTO "users" VALUES(130,'2024-03-20','UK','referral');
INSERT INTO "users" VALUES(131,'2024-11-05','USA','referral');
INSERT INTO "users" VALUES(132,'2024-04-14','India','referral');
INSERT INTO "users" VALUES(133,'2024-09-15','UAE','referral');
INSERT INTO "users" VALUES(134,'2024-01-27','Pakistan','google_ads');
INSERT INTO "users" VALUES(135,'2024-05-21','Pakistan','organic');
INSERT INTO "users" VALUES(136,'2024-06-19','USA','referral');
INSERT INTO "users" VALUES(137,'2024-03-23','India','google_ads');
INSERT INTO "users" VALUES(138,'2024-10-09','India','google_ads');
INSERT INTO "users" VALUES(139,'2024-10-14','Pakistan','organic');
INSERT INTO "users" VALUES(140,'2024-02-08','India','facebook_ads');
INSERT INTO "users" VALUES(141,'2024-10-06','Pakistan','referral');
INSERT INTO "users" VALUES(142,'2024-10-25','Germany','facebook_ads');
INSERT INTO "users" VALUES(143,'2024-08-08','USA','organic');
INSERT INTO "users" VALUES(144,'2024-06-06','UK','organic');
INSERT INTO "users" VALUES(145,'2024-07-02','USA','facebook_ads');
INSERT INTO "users" VALUES(146,'2024-12-07','Pakistan','referral');
INSERT INTO "users" VALUES(147,'2025-02-03','Germany','google_ads');
INSERT INTO "users" VALUES(148,'2024-11-13','India','facebook_ads');
INSERT INTO "users" VALUES(149,'2024-05-01','USA','facebook_ads');
INSERT INTO "users" VALUES(150,'2024-07-30','Pakistan','facebook_ads');
INSERT INTO "users" VALUES(151,'2025-01-12','UK','google_ads');
INSERT INTO "users" VALUES(152,'2024-12-08','India','facebook_ads');
INSERT INTO "users" VALUES(153,'2024-05-16','USA','organic');
INSERT INTO "users" VALUES(154,'2024-07-14','Pakistan','google_ads');
INSERT INTO "users" VALUES(155,'2024-04-23','USA','google_ads');
INSERT INTO "users" VALUES(156,'2024-06-28','UK','facebook_ads');
INSERT INTO "users" VALUES(157,'2024-04-24','Pakistan','facebook_ads');
INSERT INTO "users" VALUES(158,'2024-07-23','UK','referral');
INSERT INTO "users" VALUES(159,'2024-02-05','UK','referral');
INSERT INTO "users" VALUES(160,'2024-11-24','Germany','google_ads');
INSERT INTO "users" VALUES(161,'2024-12-13','Germany','referral');
INSERT INTO "users" VALUES(162,'2024-01-15','Pakistan','referral');
INSERT INTO "users" VALUES(163,'2024-04-01','Germany','referral');
INSERT INTO "users" VALUES(164,'2024-01-20','Pakistan',NULL);
INSERT INTO "users" VALUES(165,'2024-08-10','UK','referral');
INSERT INTO "users" VALUES(166,'2024-08-11','Germany',NULL);
INSERT INTO "users" VALUES(167,'2024-02-29','UAE',NULL);
INSERT INTO "users" VALUES(168,'2024-04-07','UK','organic');
INSERT INTO "users" VALUES(169,'2024-12-28','UAE','organic');
INSERT INTO "users" VALUES(170,'2024-09-23','Germany','facebook_ads');
INSERT INTO "users" VALUES(171,'2024-07-05','UAE','organic');
INSERT INTO "users" VALUES(172,'2024-12-06','UK',NULL);
INSERT INTO "users" VALUES(173,'2024-06-09','India','organic');
INSERT INTO "users" VALUES(174,'2025-01-03','UK',NULL);
INSERT INTO "users" VALUES(175,'2024-06-07','India','google_ads');
INSERT INTO "users" VALUES(176,'2024-06-16','UAE','referral');
INSERT INTO "users" VALUES(177,'2024-10-10','USA','facebook_ads');
INSERT INTO "users" VALUES(178,'2024-08-03','India','google_ads');
INSERT INTO "users" VALUES(179,'2024-12-12','India','facebook_ads');
INSERT INTO "users" VALUES(180,'2024-11-11','Germany','referral');
INSERT INTO "users" VALUES(181,'2024-07-26','Germany','organic');
INSERT INTO "users" VALUES(182,'2024-06-04','UK','facebook_ads');
INSERT INTO "users" VALUES(183,'2024-08-08','Germany',NULL);
INSERT INTO "users" VALUES(184,'2024-12-01','UK','google_ads');
INSERT INTO "users" VALUES(185,'2024-08-14','UAE','facebook_ads');
INSERT INTO "users" VALUES(186,'2024-09-18','UAE','facebook_ads');
INSERT INTO "users" VALUES(187,'2024-12-03','Pakistan','referral');
INSERT INTO "users" VALUES(188,'2024-09-20','India',NULL);
INSERT INTO "users" VALUES(189,'2024-06-20','Pakistan','facebook_ads');
INSERT INTO "users" VALUES(190,'2024-12-10','UK','facebook_ads');
INSERT INTO "users" VALUES(191,'2024-04-11','USA','organic');
INSERT INTO "users" VALUES(192,'2024-01-24','USA','google_ads');
INSERT INTO "users" VALUES(193,'2024-11-08','Pakistan','google_ads');
INSERT INTO "users" VALUES(194,'2024-07-31','India',NULL);
INSERT INTO "users" VALUES(195,'2024-04-09','India','google_ads');
INSERT INTO "users" VALUES(196,'2024-09-10','UAE','facebook_ads');
INSERT INTO "users" VALUES(197,'2024-03-16','India','organic');
INSERT INTO "users" VALUES(198,'2025-01-19','Pakistan','google_ads');
INSERT INTO "users" VALUES(199,'2024-04-22','USA',NULL);
INSERT INTO "users" VALUES(200,'2024-08-25','Pakistan',NULL);
COMMIT;
